"id","source","year","group","question","answer"
"7f537911","Revalida","2013","","Homem com 49 anos de idade apresenta, há um ano e meio, quadro recorrente de monoartrite aguda, durando cada episódio cerca de três a cinco dias. Inicialmente foi acometido o joelho esquerdo, posteriormente o direito, em seguida o tornozelo direito e, há três semanas, houve recorrência do quadro no joelho esquerdo. Refere alívio dos sintomas com o uso de diclofenaco, que toma por conta própria. Notou que o intervalo entre os episódios, que inicialmente era de até seis meses, é agora mais reduzido, sendo o intervalo entre os dois últimos episódios, de apenas um mês. Apresenta-se na consulta após dois dias do início da última crise. O joelho esquerdo tem sinais flogísticos (calor, rubor, aumento de volume), limitação para flexão, o que causa dificuldade na deambulação. Relatou um episódio febril ontem (37,6 °C). O paciente é hipertenso e diabético há dez anos, em uso de hidroclorotiazida 25 mg/dia e glibenclamida 10 mg/dia. Refere tabagismo (5 cigarros/dia) e etilismo (cerveja, especialmente nos finais de semana).

O diagnóstico do paciente e a conduta inicial a ser adotada são, respectivamente:

A: gota não tofácea; realizar artrocentese e iniciar o uso de alopurinol imediatamente.
B: artrite séptica; realizar artrocentese e aguardar a análise laboratorial do líquido sinovial.
C: gota não tofácea; não realizar artrocentese e manter o uso de anti-inflamatório não hormonal.
D: osteoartrite; solicitar radiografia dos joelhos e iniciar o uso de anti-inflamatório não hormonal.
E: artrite séptica; não há necessidade de exames complementares e deve-se iniciar antibioticoterapia imediatamente.","C"
"aa6d6553","Revalida","2013","","Mulher com 72 anos de idade vem fazendo tratamento e acompanhamento por anemia ferropriva no Posto de Saúde há cerca de um ano e meio. Relata que, nos últimos quatro meses, perdeu 5 kg, está se sentindo mais fraca e apresentou vários episódios de diarreia, que cessaram espontaneamente, seguidos de vários dias sem evacuar, quadro que vem se alternando desde então.

O diagnóstico mais provável e a investigação adequada são, respectivamente:

A: câncer de cólon; colonoscopia.
B: colite ulcerativa; colonoscopia.
C: câncer de reto; retossigmoidoscopia.
D: diverticulose colônica; enema opaco.
E: angiodisplasia de cólon; cintilografia.","A"
